,aid_from,aid_to,step_from,step_to,function,craftdroid_evaluate
0,a11,a12,0,0,b11,tp
1,a11,a12,1,1,b11,tp
2,a11,a12,2,2,b11,tp
3,a11,a13,0,0,b11,tp
4,a11,a13,1,1,b11,tp
5,a11,a13,2,2,b11,tp
6,a11,a14,0,1,b11,tp
7,a11,a14,1,2,b11,tp
8,a11,a14,2,3,b11,tp
9,a11,a15,0,1,b11,tp
10,a11,a15,1,2,b11,tp
11,a11,a15,2,3,b11,tp
12,a12,a11,0,0,b11,tp
13,a12,a11,1,1,b11,tp
14,a12,a11,2,2,b11,tp
15,a12,a13,0,0,b11,tp
16,a12,a13,1,1,b11,tp
17,a12,a13,2,2,b11,tp
18,a12,a14,0,1,b11,tp
19,a12,a14,1,2,b11,tp
20,a12,a14,2,3,b11,tp
21,a12,a15,0,1,b11,tp
22,a12,a15,1,2,b11,tp
23,a12,a15,2,3,b11,tp
24,a13,a11,0,0,b11,tp
25,a13,a11,1,1,b11,tp
26,a13,a11,2,2,b11,tp
27,a13,a12,0,0,b11,tp
28,a13,a12,1,1,b11,tp
29,a13,a12,2,2,b11,tp
30,a13,a14,0,1,b11,tp
31,a13,a14,1,2,b11,tp
32,a13,a14,2,3,b11,tp
33,a13,a15,0,1,b11,tp
34,a13,a15,1,2,b11,tp
35,a13,a15,2,3,b11,tp
36,a14,a11,0,-1,b11,fp
37,a14,a11,1,0,b11,tp
38,a14,a11,2,1,b11,tp
39,a14,a11,3,2,b11,tp
40,a14,a12,0,-1,b11,fp
41,a14,a12,1,0,b11,tp
42,a14,a12,2,1,b11,tp
43,a14,a12,3,2,b11,tp
44,a14,a13,0,-1,b11,fp
45,a14,a13,1,0,b11,fp
46,a14,a13,2,1,b11,fp
47,a14,a13,3,2,b11,tp
48,a14,a15,0,0,b11,tp
49,a14,a15,1,1,b11,tp
50,a14,a15,2,2,b11,tp
51,a14,a15,3,3,b11,tp
52,a15,a11,0,-1,b11,fp
53,a15,a11,1,0,b11,tp
54,a15,a11,2,1,b11,tp
55,a15,a11,3,2,b11,tp
56,a15,a12,0,-1,b11,fp
57,a15,a12,1,0,b11,tp
58,a15,a12,2,1,b11,tp
59,a15,a12,3,2,b11,tp
60,a15,a13,0,-1,b11,fp
61,a15,a13,1,0,b11,fp
62,a15,a13,2,1,b11,fp
63,a15,a13,3,2,b11,tp
64,a15,a14,0,0,b11,tp
65,a15,a14,1,1,b11,tp
66,a15,a14,2,2,b11,tp
67,a15,a14,3,3,b11,tp
68,a11,a12,0,0,b12,tp
69,a11,a12,1,1,b12,tp
70,a11,a12,2,2,b12,tp
71,a11,a12,3,3,b12,tp
72,a11,a12,4,4,b12,tp
73,a11,a12,5,5,b12,tp
74,a11,a12,6,6,b12,tp
75,a11,a13,0,0,b12,tp
76,a11,a13,1,1,b12,tp
77,a11,a13,2,2,b12,tp
78,a11,a13,3,3,b12,tp
79,a11,a13,4,4,b12,tp
80,a11,a13,5,5,b12,tp
81,a11,a13,6,6,b12,tp
82,a11,a14,0,1,b12,tp
83,a11,a14,1,2,b12,tp
84,a11,a14,2,3,b12,tp
85,a11,a14,3,4,b12,tp
86,a11,a14,4,5,b12,tp
87,a11,a14,5,6,b12,tp
88,a11,a14,6,7,b12,tp
89,a11,a15,0,1,b12,tp
90,a11,a15,1,2,b12,tp
91,a11,a15,2,3,b12,tp
92,a11,a15,3,4,b12,tp
93,a11,a15,4,5,b12,tp
94,a11,a15,5,6,b12,tp
95,a11,a15,6,7,b12,tp
96,a12,a11,0,0,b12,tp
97,a12,a11,1,1,b12,tp
98,a12,a11,2,2,b12,tp
99,a12,a11,3,3,b12,tp
100,a12,a11,4,4,b12,tp
101,a12,a11,5,5,b12,tp
102,a12,a11,6,6,b12,tp
103,a12,a13,0,0,b12,tp
104,a12,a13,1,1,b12,tp
105,a12,a13,2,2,b12,tp
106,a12,a13,3,3,b12,tp
107,a12,a13,4,4,b12,tp
108,a12,a13,5,5,b12,tp
109,a12,a13,6,6,b12,tp
110,a12,a14,0,1,b12,tp
111,a12,a14,1,2,b12,tp
112,a12,a14,2,3,b12,tp
113,a12,a14,3,4,b12,tp
114,a12,a14,4,5,b12,tp
115,a12,a14,5,6,b12,tp
116,a12,a14,6,7,b12,tp
117,a12,a15,0,1,b12,tp
118,a12,a15,1,2,b12,tp
119,a12,a15,2,3,b12,tp
120,a12,a15,3,4,b12,tp
121,a12,a15,4,5,b12,tp
122,a12,a15,5,6,b12,tp
123,a12,a15,6,7,b12,tp
124,a13,a11,0,0,b12,tp
125,a13,a11,1,1,b12,tp
126,a13,a11,2,2,b12,tp
127,a13,a11,3,3,b12,tp
128,a13,a11,4,4,b12,tp
129,a13,a11,5,5,b12,tp
130,a13,a11,6,6,b12,tp
131,a13,a12,0,0,b12,tp
132,a13,a12,1,1,b12,tp
133,a13,a12,2,2,b12,tp
134,a13,a12,3,3,b12,tp
135,a13,a12,4,4,b12,tp
136,a13,a12,5,5,b12,tp
137,a13,a12,6,6,b12,tp
138,a13,a14,0,1,b12,tp
139,a13,a14,1,2,b12,tp
140,a13,a14,2,3,b12,tp
141,a13,a14,3,4,b12,tp
142,a13,a14,4,5,b12,tp
143,a13,a14,5,6,b12,tp
144,a13,a14,6,7,b12,tp
145,a13,a15,0,1,b12,tp
146,a13,a15,1,2,b12,tp
147,a13,a15,2,3,b12,tp
148,a13,a15,3,4,b12,fn
149,a13,a15,4,5,b12,fn
150,a13,a15,5,6,b12,fn
151,a13,a15,6,7,b12,fn
152,a14,a11,0,-1,b12,fp
153,a14,a11,1,0,b12,tp
154,a14,a11,2,1,b12,tp
155,a14,a11,3,2,b12,tp
156,a14,a11,4,3,b12,tp
157,a14,a11,5,4,b12,tp
158,a14,a11,6,5,b12,tp
159,a14,a11,7,6,b12,tp
160,a14,a12,0,-1,b12,fp
161,a14,a12,1,0,b12,tp
162,a14,a12,2,1,b12,tp
163,a14,a12,3,2,b12,tp
164,a14,a12,4,3,b12,tp
165,a14,a12,5,4,b12,tp
166,a14,a12,6,5,b12,tp
167,a14,a12,7,6,b12,tp
168,a14,a13,0,-1,b12,fp
169,a14,a13,1,0,b12,fp
170,a14,a13,2,1,b12,fp
171,a14,a13,3,2,b12,tp
172,a14,a13,4,3,b12,tp
173,a14,a13,5,4,b12,tp
174,a14,a13,6,5,b12,tp
175,a14,a13,7,6,b12,tp
176,a14,a15,0,0,b12,tp
177,a14,a15,1,1,b12,tp
178,a14,a15,2,2,b12,tp
179,a14,a15,3,3,b12,tp
180,a14,a15,4,4,b12,tp
181,a14,a15,5,5,b12,tp
182,a14,a15,6,6,b12,tp
183,a14,a15,7,7,b12,tp
184,a15,a11,0,-1,b12,fp
185,a15,a11,1,0,b12,tp
186,a15,a11,2,1,b12,tp
187,a15,a11,3,2,b12,tp
188,a15,a11,4,3,b12,tp
189,a15,a11,5,4,b12,tp
190,a15,a11,6,5,b12,tp
191,a15,a11,7,6,b12,tp
192,a15,a12,0,-1,b12,fp
193,a15,a12,1,0,b12,tp
194,a15,a12,2,1,b12,tp
195,a15,a12,3,2,b12,tp
196,a15,a12,4,3,b12,tp
197,a15,a12,5,4,b12,tp
198,a15,a12,6,5,b12,tp
199,a15,a12,7,6,b12,tp
200,a15,a13,0,-1,b12,fp
201,a15,a13,1,0,b12,fp
202,a15,a13,2,1,b12,fp
203,a15,a13,3,2,b12,tp
204,a15,a13,4,3,b12,tp
205,a15,a13,5,4,b12,tp
206,a15,a13,6,5,b12,tp
207,a15,a13,7,6,b12,tp
208,a15,a14,0,0,b12,tp
209,a15,a14,1,1,b12,tp
210,a15,a14,2,2,b12,tp
211,a15,a14,3,3,b12,tp
212,a15,a14,4,4,b12,tp
213,a15,a14,5,5,b12,tp
214,a15,a14,6,6,b12,tp
215,a15,a14,7,7,b12,tp
216,a21,a22,0,0,b21,tp
217,a21,a22,1,1,b21,tp
218,a21,a22,2,2,b21,tp
219,a21,a22,3,3,b21,tp
220,a21,a23,0,1,b21,tp
221,a21,a23,1,2,b21,tp
222,a21,a23,2,3,b21,tp
223,a21,a23,3,4,b21,tp
224,a21,a24,0,-1,b21,fp
225,a21,a24,1,0,b21,tp
226,a21,a24,2,1,b21,tp
227,a21,a24,3,2,b21,tp
228,a21,a25,0,0,b21,tp
229,a21,a25,1,1,b21,tp
230,a21,a25,2,2,b21,tp
231,a21,a25,3,3,b21,tp
232,a22,a21,0,0,b21,tp
233,a22,a21,1,1,b21,tp
234,a22,a21,2,2,b21,tp
235,a22,a21,3,3,b21,tp
236,a22,a23,0,1,b21,tp
237,a22,a23,1,2,b21,tp
238,a22,a23,2,3,b21,tp
239,a22,a23,3,4,b21,tp
240,a22,a24,0,-1,b21,fp
241,a22,a24,1,0,b21,tp
242,a22,a24,2,1,b21,tp
243,a22,a24,3,2,b21,tp
244,a22,a25,0,0,b21,tp
245,a22,a25,1,1,b21,tp
246,a22,a25,2,2,b21,tp
247,a22,a25,3,3,b21,tp
248,a23,a21,0,-1,b21,fp
249,a23,a21,1,0,b21,tp
250,a23,a21,2,1,b21,tp
251,a23,a21,3,2,b21,tp
252,a23,a21,4,3,b21,tp
253,a23,a22,0,-1,b21,fp
254,a23,a22,1,0,b21,tp
255,a23,a22,2,1,b21,tp
256,a23,a22,3,2,b21,tp
257,a23,a22,4,3,b21,tp
258,a23,a24,0,-1,b21,fp
259,a23,a24,1,-1,b21,fp
260,a23,a24,2,0,b21,tp
261,a23,a24,3,1,b21,tp
262,a23,a24,4,2,b21,tp
263,a23,a25,0,-1,b21,fp
264,a23,a25,1,0,b21,fp
265,a23,a25,2,1,b21,fp
266,a23,a25,3,2,b21,tp
267,a23,a25,4,3,b21,fp
268,a24,a21,0,1,b21,tp
269,a24,a21,1,2,b21,tp
270,a24,a21,2,3,b21,tp
271,a24,a22,0,1,b21,tp
272,a24,a22,1,2,b21,tp
273,a24,a22,2,3,b21,tp
274,a24,a23,0,2,b21,fp
275,a24,a23,1,3,b21,fp
276,a24,a23,2,4,b21,fp
277,a24,a25,0,1,b21,tp
278,a24,a25,1,2,b21,tp
279,a24,a25,2,3,b21,tp
280,a25,a21,0,0,b21,tp
281,a25,a21,1,1,b21,tp
282,a25,a21,2,2,b21,tp
283,a25,a21,3,3,b21,tp
284,a25,a22,0,0,b21,tp
285,a25,a22,1,1,b21,tp
286,a25,a22,2,2,b21,tp
287,a25,a22,3,3,b21,tp
288,a25,a23,0,1,b21,tp
289,a25,a23,1,2,b21,fp
290,a25,a23,2,3,b21,tp
291,a25,a23,3,4,b21,fp
292,a25,a24,0,-1,b21,fp
293,a25,a24,1,0,b21,tp
294,a25,a24,2,1,b21,tp
295,a25,a24,3,2,b21,tp
296,a21,a22,0,0,b22,tp
297,a21,a22,1,1,b22,tp
298,a21,a22,2,2,b22,tp
299,a21,a22,3,3,b22,tp
300,a21,a22,4,4,b22,tp
301,a21,a22,5,6,b22,fp
302,a21,a23,0,1,b22,tp
303,a21,a23,1,2,b22,tp
304,a21,a23,2,3,b22,tp
305,a21,a23,3,4,b22,tp
306,a21,a23,4,5,b22,tp
307,a21,a23,5,7,b22,tp
308,a21,a24,0,-1,b22,fp
309,a21,a24,1,0,b22,tp
310,a21,a24,2,1,b22,tp
311,a21,a24,3,2,b22,fp
312,a21,a24,4,3,b22,fp
313,a21,a24,5,6,b22,fn
314,a21,a25,0,0,b22,tp
315,a21,a25,1,1,b22,tp
316,a21,a25,2,2,b22,tp
317,a21,a25,3,3,b22,tp
318,a21,a25,4,4,b22,tp
319,a21,a25,5,5,b22,tp
320,a22,a21,0,0,b22,tp
321,a22,a21,1,1,b22,tp
322,a22,a21,2,2,b22,tp
323,a22,a21,3,3,b22,tp
324,a22,a21,4,4,b22,tp
325,a22,a21,5,-1,b22,fp
326,a22,a21,6,5,b22,tp
327,a22,a23,0,1,b22,tp
328,a22,a23,1,2,b22,tp
329,a22,a23,2,3,b22,tp
330,a22,a23,3,4,b22,tp
331,a22,a23,4,5,b22,tp
332,a22,a23,5,6,b22,tp
333,a22,a23,6,7,b22,tp
334,a22,a24,0,-1,b22,fp
335,a22,a24,1,0,b22,tp
336,a22,a24,2,1,b22,tp
337,a22,a24,3,2,b22,tp
338,a22,a24,4,3,b22,tp
339,a22,a24,5,4,b22,tp
340,a22,a24,6,6,b22,tp
341,a22,a25,0,0,b22,tp
342,a22,a25,1,1,b22,tp
343,a22,a25,2,2,b22,tp
344,a22,a25,3,3,b22,tp
345,a22,a25,4,4,b22,tp
346,a22,a25,5,-1,b22,fp
347,a22,a25,6,5,b22,tp
348,a23,a21,0,-1,b22,fp
349,a23,a21,1,0,b22,tp
350,a23,a21,2,1,b22,tp
351,a23,a21,3,2,b22,tp
352,a23,a21,4,3,b22,tp
353,a23,a21,5,4,b22,tp
354,a23,a21,6,-1,b22,fp
355,a23,a21,7,5,b22,tp
356,a23,a22,0,-1,b22,fp
357,a23,a22,1,0,b22,tp
358,a23,a22,2,1,b22,tp
359,a23,a22,3,2,b22,tp
360,a23,a22,4,3,b22,tp
361,a23,a22,5,4,b22,tp
362,a23,a22,6,5,b22,fp
363,a23,a22,7,6,b22,fn
364,a23,a24,0,-1,b22,fp
365,a23,a24,1,-1,b22,fp
366,a23,a24,2,0,b22,tp
367,a23,a24,3,1,b22,tp
368,a23,a24,4,2,b22,tp
369,a23,a24,5,3,b22,tp
370,a23,a24,6,4,b22,fp
371,a23,a24,7,6,b22,tp
372,a23,a25,0,-1,b22,fp
373,a23,a25,1,0,b22,fp
374,a23,a25,2,1,b22,fp
375,a23,a25,3,2,b22,tp
376,a23,a25,4,3,b22,tp
377,a23,a25,5,4,b22,tp
378,a23,a25,6,-1,b22,fp
379,a23,a25,7,5,b22,fp
380,a24,a21,0,1,b22,tp
381,a24,a21,1,2,b22,tp
382,a24,a21,2,3,b22,tp
383,a24,a21,3,4,b22,tp
384,a24,a21,4,-1,b22,fp
385,a24,a21,5,-1,b22,fp
386,a24,a21,6,5,b22,tp
387,a24,a22,0,1,b22,tp
388,a24,a22,1,2,b22,tp
389,a24,a22,2,3,b22,tp
390,a24,a22,3,4,b22,tp
391,a24,a22,4,5,b22,fp
392,a24,a22,5,-1,b22,fp
393,a24,a22,6,6,b22,fp
394,a24,a23,0,2,b22,fp
395,a24,a23,1,3,b22,fp
396,a24,a23,2,4,b22,fn
397,a24,a23,3,5,b22,fp
398,a24,a23,4,6,b22,fp
399,a24,a23,5,-1,b22,tn
400,a24,a23,6,7,b22,fn
401,a24,a25,0,1,b22,tp
402,a24,a25,1,2,b22,tp
403,a24,a25,2,3,b22,tp
404,a24,a25,3,4,b22,tp
405,a24,a25,4,-1,b22,fp
406,a24,a25,5,-1,b22,fp
407,a24,a25,6,5,b22,tp
408,a25,a21,0,0,b22,tp
409,a25,a21,1,1,b22,tp
410,a25,a21,2,2,b22,tp
411,a25,a21,3,3,b22,tp
412,a25,a21,4,4,b22,tp
413,a25,a21,5,5,b22,tp
414,a25,a22,0,0,b22,tp
415,a25,a22,1,1,b22,tp
416,a25,a22,2,2,b22,tp
417,a25,a22,3,3,b22,tp
418,a25,a22,4,4,b22,tp
419,a25,a22,5,6,b22,fp
420,a25,a23,0,1,b22,tp
421,a25,a23,1,2,b22,fp
422,a25,a23,2,3,b22,tp
423,a25,a23,3,4,b22,fn
424,a25,a23,4,5,b22,fp
425,a25,a23,5,7,b22,fn
426,a25,a24,0,-1,b22,fp
427,a25,a24,1,0,b22,tp
428,a25,a24,2,1,b22,tp
429,a25,a24,3,2,b22,tp
430,a25,a24,4,3,b22,tp
431,a25,a24,5,6,b22,fn
432,a31,a32,0,0,b31,tp
433,a31,a32,1,1,b31,tp
434,a31,a32,2,2,b31,tp
435,a31,a32,3,3,b31,tp
436,a31,a32,4,-1,b31,fp
437,a31,a32,5,4,b31,tp
438,a31,a32,6,5,b31,tp
439,a31,a32,7,6,b31,tp
440,a31,a32,8,7,b31,tp
441,a31,a34,0,-1,b31,fp
442,a31,a34,1,2,b31,fp
443,a31,a34,2,3,b31,tp
444,a31,a34,3,4,b31,tp
445,a31,a34,4,-1,b31,fp
446,a31,a34,5,5,b31,fp
447,a31,a34,6,7,b31,tp
448,a31,a34,7,8,b31,tp
449,a31,a34,8,9,b31,fp
450,a31,a35,0,4,b31,fp
451,a31,a35,1,5,b31,fp
452,a31,a35,2,6,b31,tp
453,a31,a35,3,7,b31,tp
454,a31,a35,4,-1,b31,fp
455,a31,a35,5,8,b31,tp
456,a31,a35,6,10,b31,tp
457,a31,a35,7,11,b31,tp
458,a31,a35,8,13,b31,fp
459,a32,a31,0,0,b31,tp
460,a32,a31,1,1,b31,tp
461,a32,a31,2,2,b31,tp
462,a32,a31,3,3,b31,tp
463,a32,a31,4,5,b31,fn
464,a32,a31,5,6,b31,tp
465,a32,a31,6,7,b31,tp
466,a32,a31,7,8,b31,tp
467,a32,a34,0,-1,b31,fp
468,a32,a34,1,2,b31,fp
469,a32,a34,2,3,b31,tp
470,a32,a34,3,4,b31,tp
471,a32,a34,4,5,b31,fp
472,a32,a34,5,7,b31,tp
473,a32,a34,6,8,b31,tp
474,a32,a34,7,9,b31,tp
475,a32,a35,0,4,b31,fp
476,a32,a35,1,5,b31,fp
477,a32,a35,2,6,b31,fp
478,a32,a35,3,7,b31,fp
479,a32,a35,4,8,b31,fp
480,a32,a35,5,10,b31,fn
481,a32,a35,6,11,b31,fn
482,a32,a35,7,13,b31,fp
483,a34,a31,0,-1,b31,fp
484,a34,a31,1,-1,b31,fp
485,a34,a31,2,1,b31,fp
486,a34,a31,3,2,b31,fp
487,a34,a31,4,3,b31,fp
488,a34,a31,5,5,b31,fp
489,a34,a31,6,-1,b31,fp
490,a34,a31,7,6,b31,fn
491,a34,a31,8,7,b31,fn
492,a34,a31,9,8,b31,fp
493,a34,a32,0,-1,b31,fp
494,a34,a32,1,-1,b31,fp
495,a34,a32,2,1,b31,fp
496,a34,a32,3,2,b31,fp
497,a34,a32,4,3,b31,fp
498,a34,a32,5,4,b31,fp
499,a34,a32,6,-1,b31,fp
500,a34,a32,7,5,b31,fp
501,a34,a32,8,6,b31,fn
502,a34,a32,9,7,b31,fp
503,a34,a35,0,-1,b31,fp
504,a34,a35,1,-1,b31,fp
505,a34,a35,2,5,b31,fp
506,a34,a35,3,6,b31,tp
507,a34,a35,4,7,b31,tp
508,a34,a35,5,8,b31,tp
509,a34,a35,6,-1,b31,fp
510,a34,a35,7,10,b31,tp
511,a34,a35,8,11,b31,tp
512,a34,a35,9,13,b31,tp
513,a35,a31,0,-1,b31,fp
514,a35,a31,1,-1,b31,fp
515,a35,a31,2,-1,b31,tn
516,a35,a31,3,-1,b31,fp
517,a35,a31,4,0,b31,fn
518,a35,a31,5,1,b31,fp
519,a35,a31,6,2,b31,fp
520,a35,a31,7,3,b31,fp
521,a35,a31,8,5,b31,tp
522,a35,a31,9,-1,b31,fp
523,a35,a31,10,6,b31,tp
524,a35,a31,11,7,b31,tp
525,a35,a31,12,-1,b31,fp
526,a35,a31,13,8,b31,tp
527,a35,a32,0,-1,b31,fp
528,a35,a32,1,-1,b31,fp
529,a35,a32,2,-1,b31,tn
530,a35,a32,3,-1,b31,fp
531,a35,a32,4,0,b31,fn
532,a35,a32,5,1,b31,fp
533,a35,a32,6,2,b31,fp
534,a35,a32,7,3,b31,fp
535,a35,a32,8,4,b31,fp
536,a35,a32,9,-1,b31,fp
537,a35,a32,10,5,b31,fn
538,a35,a32,11,6,b31,fn
539,a35,a32,12,-1,b31,fp
540,a35,a32,13,7,b31,fp
541,a35,a34,0,-1,b31,fp
542,a35,a34,1,-1,b31,fp
543,a35,a34,2,0,b31,fp
544,a35,a34,3,1,b31,fp
545,a35,a34,4,-1,b31,fp
546,a35,a34,5,2,b31,fp
547,a35,a34,6,3,b31,tp
548,a35,a34,7,4,b31,tp
549,a35,a34,8,5,b31,fp
550,a35,a34,9,-1,b31,fp
551,a35,a34,10,7,b31,tp
552,a35,a34,11,8,b31,tp
553,a35,a34,12,-1,b31,fp
554,a35,a34,13,9,b31,tp
555,a31,a32,0,-1,b32,fp
556,a31,a32,1,-1,b32,fp
557,a31,a32,2,0,b32,tp
558,a31,a32,3,1,b32,tp
559,a31,a32,4,2,b32,tp
560,a31,a32,5,3,b32,tp
561,a31,a34,0,2,b32,tp
562,a31,a34,1,3,b32,tp
563,a31,a34,2,4,b32,tp
564,a31,a34,3,5,b32,tp
565,a31,a34,4,6,b32,fp
566,a31,a34,5,7,b32,fp
567,a31,a35,0,2,b32,fp
568,a31,a35,1,3,b32,fp
569,a31,a35,2,4,b32,tp
570,a31,a35,3,5,b32,tp
571,a31,a35,4,6,b32,tp
572,a31,a35,5,7,b32,fn
573,a31,a35,6,-1,b32,fp
574,a31,a35,7,-1,b32,fp
575,a31,a35,8,8,b32,fn
576,a32,a31,0,2,b32,tp
577,a32,a31,1,3,b32,tp
578,a32,a31,2,4,b32,tp
579,a32,a31,3,5,b32,tp
580,a34,a31,0,-1,b32,fp
581,a34,a31,1,-1,b32,fp
582,a34,a31,2,0,b32,fp
583,a34,a31,3,1,b32,fp
584,a34,a31,4,2,b32,tp
585,a34,a31,5,3,b32,tp
586,a34,a31,6,4,b32,tp
587,a34,a31,7,5,b32,tp
588,a34,a32,0,-1,b32,fp
589,a34,a32,1,-1,b32,fp
590,a34,a32,2,-1,b32,fp
591,a34,a32,3,-1,b32,fp
592,a34,a32,4,0,b32,tp
593,a34,a32,5,1,b32,tp
594,a34,a32,6,2,b32,tp
595,a34,a32,7,3,b32,tp
596,a34,a35,0,0,b32,tp
597,a34,a35,1,1,b32,fp
598,a34,a35,2,2,b32,fp
599,a34,a35,3,3,b32,fp
600,a34,a35,4,4,b32,fn
601,a34,a35,5,5,b32,fn
602,a34,a35,6,6,b32,fn
603,a34,a35,7,7,b32,fn
604,a35,a31,0,-1,b32,fp
605,a35,a31,1,-1,b32,fp
606,a35,a31,2,0,b32,fn
607,a35,a31,3,1,b32,fp
608,a35,a31,4,2,b32,fp
609,a35,a31,5,3,b32,fp
610,a35,a31,6,4,b32,fp
611,a35,a31,7,5,b32,fp
612,a35,a31,8,8,b32,fn
613,a35,a32,0,-1,b32,fp
614,a35,a32,1,-1,b32,fp
615,a35,a32,2,-1,b32,tn
616,a35,a32,3,-1,b32,fp
617,a35,a32,4,0,b32,fn
618,a35,a32,5,1,b32,fn
619,a35,a32,6,2,b32,fp
620,a35,a32,7,3,b32,fp
621,a35,a34,0,0,b32,tp
622,a35,a34,1,1,b32,tp
623,a35,a34,2,2,b32,tp
624,a35,a34,3,3,b32,tp
625,a35,a34,4,4,b32,tp
626,a35,a34,5,5,b32,tp
627,a35,a34,6,6,b32,tp
628,a35,a34,7,7,b32,tp
629,a41,a42,0,0,b41,tp
630,a41,a42,1,1,b41,tp
631,a41,a42,2,2,b41,tp
632,a41,a42,3,3,b41,tp
633,a41,a42,4,4,b41,tp
634,a41,a44,0,0,b41,tp
635,a41,a44,1,1,b41,tp
636,a41,a44,2,2,b41,tp
637,a41,a44,3,3,b41,tp
638,a41,a44,4,4,b41,tp
639,a41,a45,0,0,b41,tp
640,a41,a45,1,1,b41,tp
641,a41,a45,2,2,b41,tp
642,a41,a45,3,3,b41,tp
643,a41,a45,4,4,b41,tp
644,a42,a41,0,0,b41,tp
645,a42,a41,1,1,b41,tp
646,a42,a41,2,2,b41,tp
647,a42,a41,3,3,b41,tp
648,a42,a41,4,4,b41,tp
649,a42,a44,0,0,b41,tp
650,a42,a44,1,1,b41,tp
651,a42,a44,2,2,b41,tp
652,a42,a44,3,3,b41,tp
653,a42,a44,4,4,b41,tp
654,a42,a45,0,0,b41,tp
655,a42,a45,1,1,b41,tp
656,a42,a45,2,2,b41,tp
657,a42,a45,3,3,b41,tp
658,a42,a45,4,4,b41,tp
659,a44,a41,0,0,b41,tp
660,a44,a41,1,1,b41,tp
661,a44,a41,2,2,b41,tp
662,a44,a41,3,3,b41,tp
663,a44,a41,4,4,b41,tp
664,a44,a42,0,0,b41,tp
665,a44,a42,1,1,b41,tp
666,a44,a42,2,2,b41,tp
667,a44,a42,3,3,b41,tp
668,a44,a42,4,4,b41,tp
669,a44,a45,0,0,b41,tp
670,a44,a45,1,1,b41,tp
671,a44,a45,2,2,b41,tp
672,a44,a45,3,3,b41,tp
673,a44,a45,4,4,b41,tp
674,a45,a41,0,0,b41,tp
675,a45,a41,1,1,b41,tp
676,a45,a41,2,2,b41,tp
677,a45,a41,3,3,b41,tp
678,a45,a41,4,4,b41,tp
679,a45,a42,0,0,b41,tp
680,a45,a42,1,1,b41,tp
681,a45,a42,2,2,b41,tp
682,a45,a42,3,3,b41,tp
683,a45,a42,4,4,b41,tp
684,a45,a44,0,0,b41,tp
685,a45,a44,1,1,b41,tp
686,a45,a44,2,2,b41,tp
687,a45,a44,3,3,b41,tp
688,a45,a44,4,4,b41,tp
689,a41,a42,0,0,b42,tp
690,a41,a42,1,1,b42,tp
691,a41,a42,2,2,b42,tp
692,a41,a42,3,3,b42,tp
693,a41,a42,4,4,b42,tp
694,a41,a42,5,5,b42,tp
695,a41,a42,6,6,b42,tp
696,a41,a42,7,7,b42,tp
697,a41,a44,0,0,b42,tp
698,a41,a44,1,1,b42,tp
699,a41,a44,2,2,b42,tp
700,a41,a44,3,3,b42,tp
701,a41,a44,4,4,b42,tp
702,a41,a44,5,5,b42,tp
703,a41,a44,6,6,b42,tp
704,a41,a44,7,7,b42,tp
705,a41,a45,0,0,b42,tp
706,a41,a45,1,1,b42,tp
707,a41,a45,2,2,b42,tp
708,a41,a45,3,3,b42,tp
709,a41,a45,4,4,b42,tp
710,a41,a45,5,5,b42,tp
711,a41,a45,6,6,b42,tp
712,a41,a45,7,7,b42,tp
713,a42,a41,0,0,b42,tp
714,a42,a41,1,1,b42,tp
715,a42,a41,2,2,b42,tp
716,a42,a41,3,3,b42,tp
717,a42,a41,4,4,b42,tp
718,a42,a41,5,5,b42,tp
719,a42,a41,6,6,b42,tp
720,a42,a41,7,7,b42,tp
721,a42,a44,0,0,b42,tp
722,a42,a44,1,1,b42,tp
723,a42,a44,2,2,b42,tp
724,a42,a44,3,3,b42,tp
725,a42,a44,4,4,b42,tp
726,a42,a44,5,5,b42,tp
727,a42,a44,6,6,b42,tp
728,a42,a44,7,7,b42,tp
729,a42,a45,0,0,b42,tp
730,a42,a45,1,1,b42,tp
731,a42,a45,2,2,b42,tp
732,a42,a45,3,3,b42,tp
733,a42,a45,4,4,b42,tp
734,a42,a45,5,5,b42,tp
735,a42,a45,6,6,b42,tp
736,a42,a45,7,7,b42,tp
737,a44,a41,0,0,b42,tp
738,a44,a41,1,1,b42,fp
739,a44,a41,2,2,b42,fp
740,a44,a41,3,3,b42,fp
741,a44,a41,4,4,b42,fn
742,a44,a41,5,5,b42,fn
743,a44,a41,6,6,b42,fn
744,a44,a41,7,7,b42,fn
745,a44,a42,0,0,b42,tp
746,a44,a42,1,1,b42,fp
747,a44,a42,2,2,b42,fp
748,a44,a42,3,3,b42,fp
749,a44,a42,4,4,b42,fn
750,a44,a42,5,5,b42,fn
751,a44,a42,6,6,b42,fn
752,a44,a42,7,7,b42,fn
753,a44,a45,0,0,b42,tp
754,a44,a45,1,1,b42,tp
755,a44,a45,2,2,b42,tp
756,a44,a45,3,3,b42,tp
757,a44,a45,4,4,b42,tp
758,a44,a45,5,5,b42,tp
759,a44,a45,6,6,b42,tp
760,a44,a45,7,7,b42,tp
761,a45,a41,0,0,b42,tp
762,a45,a41,1,1,b42,fp
763,a45,a41,2,2,b42,fp
764,a45,a41,3,3,b42,fp
765,a45,a41,4,4,b42,fn
766,a45,a41,5,5,b42,fn
767,a45,a41,6,6,b42,fn
768,a45,a41,7,7,b42,fn
769,a45,a42,0,0,b42,tp
770,a45,a42,1,1,b42,fp
771,a45,a42,2,2,b42,fp
772,a45,a42,3,3,b42,fp
773,a45,a42,4,4,b42,fn
774,a45,a42,5,5,b42,fn
775,a45,a42,6,6,b42,fn
776,a45,a42,7,7,b42,fn
777,a45,a44,0,0,b42,tp
778,a45,a44,1,1,b42,tp
779,a45,a44,2,2,b42,tp
780,a45,a44,3,3,b42,tp
781,a45,a44,4,4,b42,tp
782,a45,a44,5,5,b42,tp
783,a45,a44,6,6,b42,tp
784,a45,a44,7,7,b42,tp
785,a51,a52,0,0,b51,tp
786,a51,a52,1,1,b51,tp
787,a51,a52,2,2,b51,tp
788,a51,a53,0,1,b51,tp
789,a51,a53,1,2,b51,tp
790,a51,a53,2,4,b51,tp
791,a51,a54,0,0,b51,tp
792,a51,a54,1,1,b51,tp
793,a51,a54,2,3,b51,tp
794,a51,a55,0,0,b51,tp
795,a51,a55,1,1,b51,tp
796,a51,a55,2,3,b51,tp
797,a52,a51,0,0,b51,tp
798,a52,a51,1,1,b51,tp
799,a52,a51,2,2,b51,tp
800,a52,a53,0,1,b51,tp
801,a52,a53,1,2,b51,tp
802,a52,a53,2,4,b51,tp
803,a52,a54,0,0,b51,tp
804,a52,a54,1,1,b51,tp
805,a52,a54,2,3,b51,tp
806,a52,a55,0,0,b51,tp
807,a52,a55,1,1,b51,tp
808,a52,a55,2,3,b51,tp
809,a53,a51,0,-1,b51,tn
810,a53,a51,1,0,b51,tp
811,a53,a51,2,1,b51,tp
812,a53,a51,3,-1,b51,tn
813,a53,a51,4,2,b51,tp
814,a53,a52,0,-1,b51,tn
815,a53,a52,1,0,b51,tp
816,a53,a52,2,1,b51,fp
817,a53,a52,3,-1,b51,tn
818,a53,a52,4,2,b51,tp
819,a53,a54,0,-1,b51,fp
820,a53,a54,1,0,b51,tp
821,a53,a54,2,1,b51,tp
822,a53,a54,3,2,b51,tp
823,a53,a54,4,3,b51,tp
824,a53,a55,0,-1,b51,fp
825,a53,a55,1,0,b51,tp
826,a53,a55,2,1,b51,tp
827,a53,a55,3,2,b51,tp
828,a53,a55,4,3,b51,tp
829,a54,a51,0,0,b51,tp
830,a54,a51,1,1,b51,fp
831,a54,a51,2,-1,b51,tn
832,a54,a51,3,2,b51,fn
833,a54,a52,0,0,b51,tp
834,a54,a52,1,1,b51,tp
835,a54,a52,2,-1,b51,tn
836,a54,a52,3,2,b51,tp
837,a54,a53,0,1,b51,tp
838,a54,a53,1,2,b51,fp
839,a54,a53,2,3,b51,tp
840,a54,a53,3,4,b51,tp
841,a54,a55,0,0,b51,tp
842,a54,a55,1,1,b51,tp
843,a54,a55,2,2,b51,tp
844,a54,a55,3,3,b51,tp
845,a55,a51,0,0,b51,tp
846,a55,a51,1,1,b51,tp
847,a55,a51,2,-1,b51,tn
848,a55,a51,3,2,b51,tp
849,a55,a52,0,0,b51,fp
850,a55,a52,1,1,b51,tp
851,a55,a52,2,-1,b51,fp
852,a55,a52,3,2,b51,fn
853,a55,a53,0,1,b51,fp
854,a55,a53,1,2,b51,tp
855,a55,a53,2,3,b51,tp
856,a55,a53,3,4,b51,fn
857,a55,a54,0,0,b51,fp
858,a55,a54,1,1,b51,tp
859,a55,a54,2,2,b51,tp
860,a55,a54,3,3,b51,fn
861,a51,a52,0,0,b52,tp
862,a51,a52,1,1,b52,tp
863,a51,a52,2,2,b52,fp
864,a51,a52,3,3,b52,fn
865,a51,a53,0,1,b52,tp
866,a51,a53,1,2,b52,tp
867,a51,a53,2,3,b52,tp
868,a51,a53,3,5,b52,tp
869,a51,a54,0,0,b52,tp
870,a51,a54,1,1,b52,tp
871,a51,a54,2,2,b52,tp
872,a51,a54,3,4,b52,tp
873,a51,a55,0,0,b52,tp
874,a51,a55,1,1,b52,tp
875,a51,a55,2,2,b52,tp
876,a51,a55,3,4,b52,tp
877,a52,a51,0,0,b52,tp
878,a52,a51,1,1,b52,tp
879,a52,a51,2,2,b52,fp
880,a52,a51,3,3,b52,fn
881,a52,a53,0,1,b52,tp
882,a52,a53,1,2,b52,tp
883,a52,a53,2,3,b52,tp
884,a52,a53,3,5,b52,tp
885,a52,a54,0,0,b52,tp
886,a52,a54,1,1,b52,tp
887,a52,a54,2,2,b52,tp
888,a52,a54,3,4,b52,tp
889,a52,a55,0,0,b52,tp
890,a52,a55,1,1,b52,tp
891,a52,a55,2,2,b52,tp
892,a52,a55,3,4,b52,tp
893,a53,a51,0,-1,b52,tn
894,a53,a51,1,0,b52,tp
895,a53,a51,2,1,b52,tp
896,a53,a51,3,2,b52,tp
897,a53,a51,4,-1,b52,tn
898,a53,a51,5,3,b52,tp
899,a53,a52,0,-1,b52,tn
900,a53,a52,1,0,b52,tp
901,a53,a52,2,1,b52,tp
902,a53,a52,3,2,b52,tp
903,a53,a52,4,-1,b52,tn
904,a53,a52,5,3,b52,tp
905,a53,a54,0,-1,b52,fp
906,a53,a54,1,0,b52,tp
907,a53,a54,2,1,b52,tp
908,a53,a54,3,2,b52,tp
909,a53,a54,4,3,b52,tp
910,a53,a54,5,4,b52,tp
911,a53,a55,0,-1,b52,fp
912,a53,a55,1,0,b52,fp
913,a53,a55,2,1,b52,tp
914,a53,a55,3,2,b52,fp
915,a53,a55,4,3,b52,tp
916,a53,a55,5,4,b52,fn
917,a54,a51,0,0,b52,tp
918,a54,a51,1,1,b52,fp
919,a54,a51,2,2,b52,tp
920,a54,a51,3,-1,b52,tn
921,a54,a51,4,3,b52,fn
922,a54,a52,0,0,b52,tp
923,a54,a52,1,1,b52,tp
924,a54,a52,2,2,b52,tp
925,a54,a52,3,-1,b52,tn
926,a54,a52,4,3,b52,tp
927,a54,a53,0,1,b52,fp
928,a54,a53,1,2,b52,tp
929,a54,a53,2,3,b52,fp
930,a54,a53,3,4,b52,tp
931,a54,a53,4,5,b52,fn
932,a54,a55,0,0,b52,tp
933,a54,a55,1,1,b52,tp
934,a54,a55,2,2,b52,tp
935,a54,a55,3,3,b52,tp
936,a54,a55,4,4,b52,tp
937,a55,a51,0,0,b52,tp
938,a55,a51,1,1,b52,tp
939,a55,a51,2,2,b52,tp
940,a55,a51,3,-1,b52,tn
941,a55,a51,4,3,b52,tp
942,a55,a52,0,0,b52,fp
943,a55,a52,1,1,b52,tp
944,a55,a52,2,2,b52,fp
945,a55,a52,3,-1,b52,fp
946,a55,a52,4,3,b52,fn
947,a55,a53,0,1,b52,fp
948,a55,a53,1,2,b52,tp
949,a55,a53,2,3,b52,fp
950,a55,a53,3,4,b52,tp
951,a55,a53,4,5,b52,fn
952,a55,a54,0,0,b52,tp
953,a55,a54,1,1,b52,tp
954,a55,a54,2,2,b52,tp
955,a55,a54,3,3,b52,tp
956,a55,a54,4,4,b52,tp
957,a32,a35,0,4,b32,fn
958,a32,a35,1,5,b32,fn
959,a32,a35,2,6,b32,fn
960,a32,a35,3,7,b32,fp
961,a32,a34,0,4,b32,fn
962,a32,a34,1,5,b32,fn
963,a32,a34,2,6,b32,fp
964,a32,a34,3,7,b32,fn